-- phpMyAdmin SQL Dump
-- version 4.4.15.8
-- https://www.phpmyadmin.net
--
-- Хост: localhost
-- Время создания: Ноя 20 2016 г., 09:58
-- Версия сервера: 5.5.50-MariaDB
-- Версия PHP: 5.4.16

SET SQL_MODE = "NO_AUTO_VALUE_ON_ZERO";
SET time_zone = "+00:00";


/*!40101 SET @OLD_CHARACTER_SET_CLIENT=@@CHARACTER_SET_CLIENT */;
/*!40101 SET @OLD_CHARACTER_SET_RESULTS=@@CHARACTER_SET_RESULTS */;
/*!40101 SET @OLD_COLLATION_CONNECTION=@@COLLATION_CONNECTION */;
/*!40101 SET NAMES utf8mb4 */;

--
-- База данных: `hackaton`
--

-- --------------------------------------------------------

--
-- Структура таблицы `examination`
--

CREATE TABLE IF NOT EXISTS `examination` (
  `id` int(11) NOT NULL,
  `patient_id` int(11) NOT NULL,
  `exam_cathegory` text NOT NULL,
  `result` int(11) NOT NULL,
  `result_standart` int(11) NOT NULL,
  `result_percent` int(11) NOT NULL,
  `time` datetime NOT NULL,
  `updated` timestamp NOT NULL DEFAULT CURRENT_TIMESTAMP ON UPDATE CURRENT_TIMESTAMP
) ENGINE=MyISAM AUTO_INCREMENT=281 DEFAULT CHARSET=utf8;

--
-- Дамп данных таблицы `examination`
--

INSERT INTO `examination` (`id`, `patient_id`, `exam_cathegory`, `result`, `result_standart`, `result_percent`, `time`, `updated`) VALUES
(1, 1, '3', 7, 0, 0, '0000-00-00 00:00:00', '2016-11-18 21:36:33'),
(2, 2, '3', 7, 0, 0, '0000-00-00 00:00:00', '2016-11-18 21:58:59'),
(3, 3, '3', 7, 0, 0, '0000-00-00 00:00:00', '2016-11-18 21:59:17'),
(4, 22, '80', 560, 0, 0, '0000-00-00 00:00:00', '2016-11-18 23:52:35'),
(5, 22, '80', 560, 0, 0, '2016-01-02 01:02:04', '2016-11-18 23:53:28'),
(6, 22, '80', 560, 0, 0, '2016-01-02 01:02:04', '2016-11-18 23:54:57'),
(7, 21, '78', 510, 0, 0, '2016-01-02 01:02:04', '2016-11-18 23:55:37'),
(8, 2, '0', 540, 555, 78, '0000-00-00 00:00:00', '2016-11-20 04:35:44'),
(9, 2, '0', 540, 555, 78, '0000-00-00 00:00:00', '2016-11-20 04:35:51'),
(10, 2, '0', 540, 555, 78, '0000-00-00 00:00:00', '2016-11-20 04:35:55'),
(11, 2, '0', 540, 555, 78, '2016-11-19 18:31:00', '2016-11-20 04:35:58'),
(12, 2, '0', 540, 555, 78, '2016-11-19 18:31:00', '2016-11-20 04:36:01'),
(13, 2, '0', 540, 555, 78, '2016-11-19 18:31:00', '2016-11-20 04:36:04'),
(14, 1, '0', 540, 555, 78, '2016-11-19 18:31:00', '2016-11-19 17:01:31'),
(15, 1, '0', 532, 555, 77, '2016-11-19 18:31:00', '2016-11-19 17:01:34'),
(16, 1, '0', 532, 555, 77, '2016-11-19 18:31:00', '2016-11-19 17:01:36'),
(17, 1, '', 532, 555, 77, '2016-11-19 18:31:00', '2016-11-19 17:17:40'),
(18, 1, 'yellow', 532, 555, 77, '2016-11-19 18:31:00', '2016-11-19 17:18:22'),
(19, 1, 'yellow', 532, 555, 77, '2016-11-19 18:31:00', '2016-11-19 17:19:14'),
(20, 1, 'green', 577, 555, 83, '2016-11-19 18:31:00', '2016-11-19 17:19:20'),
(21, 1, 'green', 577, 555, 83, '2016-11-19 18:31:00', '2016-11-19 17:24:47'),
(22, 1, 'red', 177, 555, 26, '2016-11-19 18:31:00', '2016-11-19 17:25:10'),
(23, 1, 'red', 177, 555, 26, '2016-11-19 18:31:00', '2016-11-19 17:29:05'),
(24, 1, 'red', 177, 555, 26, '2016-11-19 18:31:00', '2016-11-19 17:29:29'),
(25, 1, 'red', 157, 555, 23, '2016-11-19 16:31:00', '2016-11-19 17:30:44'),
(26, 1, 'red', 157, 555, 23, '2016-11-19 16:31:00', '2016-11-19 17:31:22'),
(27, 1, 'red', 157, 555, 23, '2016-11-19 16:31:00', '2016-11-19 17:31:43'),
(28, 1, 'red', 157, 555, 23, '2016-11-19 16:31:00', '2016-11-19 17:32:59'),
(29, 1, 'red', 157, 555, 23, '2016-11-19 16:31:00', '2016-11-19 17:33:00'),
(30, 1, 'red', 157, 555, 23, '2016-11-19 16:31:00', '2016-11-19 17:33:06'),
(31, 1, 'red', 157, 555, 23, '2016-11-19 16:31:00', '2016-11-19 17:34:01'),
(32, 1, 'yellow', 532, 555, 77, '2016-11-19 18:31:00', '2016-11-19 17:48:09'),
(33, 1, 'yellow', 532, 555, 77, '2016-11-19 18:31:00', '2016-11-19 18:16:19'),
(34, 1, 'yellow', 532, 555, 77, '2016-11-19 18:31:00', '2016-11-19 18:19:39'),
(35, 1, 'yellow', 532, 555, 77, '2016-11-19 18:31:00', '2016-11-19 20:49:52'),
(36, 1, 'yellow', 532, 555, 77, '2016-11-19 18:31:00', '2016-11-19 20:51:16'),
(37, 1, 'yellow', 532, 555, 77, '2016-11-19 18:31:00', '2016-11-19 20:52:27'),
(38, 1, 'yellow', 532, 555, 77, '2016-11-19 18:31:00', '2016-11-19 20:57:48'),
(39, 1, 'red', 3, 555, 0, '0000-00-00 00:00:00', '2016-11-20 00:32:58'),
(40, 1, 'red', 51, 555, 7, '0000-00-00 00:00:00', '2016-11-20 00:33:34'),
(41, 1, 'red', 3, 555, 0, '0000-00-00 00:00:00', '2016-11-20 00:34:31'),
(42, 1, 'red', 51, 555, 7, '0000-00-00 00:00:00', '2016-11-20 00:34:40'),
(43, 1, 'red', 349, 555, 50, '0000-00-00 00:00:00', '2016-11-20 00:34:50'),
(44, 1, 'green', 5349, 555, 771, '0000-00-00 00:00:00', '2016-11-20 00:34:58'),
(45, 1, 'red', 51, 555, 7, '0000-00-00 00:00:00', '2016-11-20 00:35:02'),
(46, 1, 'red', 51, 555, 7, '0000-00-00 00:00:00', '2016-11-20 00:35:06'),
(47, 1, 'red', 51, 555, 7, '0000-00-00 00:00:00', '2016-11-20 00:35:17'),
(48, 1, 'green', 5349, 555, 771, '0000-00-00 00:00:00', '2016-11-20 00:35:48'),
(49, 1, 'green', 5349, 555, 771, '0000-00-00 00:00:00', '2016-11-20 00:36:16'),
(50, 1, 'green', 5349, 555, 771, '0000-00-00 00:00:00', '2016-11-20 00:36:26'),
(51, 1, 'green', 5349, 555, 771, '0000-00-00 00:00:00', '2016-11-20 00:36:32'),
(52, 1, 'green', 5349, 555, 771, '0000-00-00 00:00:00', '2016-11-20 00:37:11'),
(53, 1, 'green', 5349, 555, 771, '0000-00-00 00:00:00', '2016-11-20 00:38:34'),
(54, 1, 'red', 51, 555, 7, '0000-00-00 00:00:00', '2016-11-20 00:39:11'),
(55, 1, 'green', 5349, 555, 771, '0000-00-00 00:00:00', '2016-11-20 00:47:40'),
(56, 1, 'green', 5349, 555, 771, '0000-00-00 00:00:00', '2016-11-20 00:49:00'),
(57, 1, 'yellow', 549, 555, 79, '0000-00-00 00:00:00', '2016-11-20 00:49:05'),
(58, 1, 'red', 2, 555, 0, '0000-00-00 00:00:00', '2016-11-20 00:58:54'),
(59, 1, 'red', 2, 555, 0, '0000-00-00 00:00:00', '2016-11-20 01:02:33'),
(60, 1, 'red', 2, 555, 0, '0000-00-00 00:00:00', '2016-11-20 01:02:37'),
(61, 1, 'red', 2, 555, 0, '0000-00-00 00:00:00', '2016-11-20 01:02:38'),
(62, 1, 'red', 2, 555, 0, '0000-00-00 00:00:00', '2016-11-20 01:02:38'),
(63, 1, 'red', 2, 555, 0, '0000-00-00 00:00:00', '2016-11-20 01:02:39'),
(64, 1, 'red', 2, 555, 0, '0000-00-00 00:00:00', '2016-11-20 01:02:39'),
(65, 1, 'red', 2, 555, 0, '0000-00-00 00:00:00', '2016-11-20 01:02:40'),
(66, 1, 'red', 2, 555, 0, '0000-00-00 00:00:00', '2016-11-20 01:03:23'),
(67, 1, 'red', 2, 555, 0, '0000-00-00 00:00:00', '2016-11-20 01:03:23'),
(68, 1, 'red', 2, 555, 0, '0000-00-00 00:00:00', '2016-11-20 01:03:23'),
(69, 1, 'red', 2, 555, 0, '0000-00-00 00:00:00', '2016-11-20 01:03:24'),
(70, 1, 'red', 2, 555, 0, '0000-00-00 00:00:00', '2016-11-20 01:03:24'),
(71, 1, 'red', 2, 555, 0, '0000-00-00 00:00:00', '2016-11-20 01:03:29'),
(72, 1, 'red', 2, 555, 0, '0000-00-00 00:00:00', '2016-11-20 01:03:29'),
(73, 1, 'red', 2, 555, 0, '0000-00-00 00:00:00', '2016-11-20 01:03:29'),
(74, 1, 'red', 2, 555, 0, '0000-00-00 00:00:00', '2016-11-20 01:03:30'),
(75, 1, 'red', 2, 555, 0, '0000-00-00 00:00:00', '2016-11-20 01:03:30'),
(76, 1, 'red', 2, 555, 0, '0000-00-00 00:00:00', '2016-11-20 01:03:30'),
(77, 1, 'red', 2, 555, 0, '0000-00-00 00:00:00', '2016-11-20 01:03:30'),
(78, 1, 'red', 2, 555, 0, '0000-00-00 00:00:00', '2016-11-20 01:03:30'),
(79, 1, 'red', 2, 555, 0, '0000-00-00 00:00:00', '2016-11-20 01:03:31'),
(80, 1, 'red', 2, 555, 0, '0000-00-00 00:00:00', '2016-11-20 01:03:31'),
(81, 1, 'red', 2, 555, 0, '0000-00-00 00:00:00', '2016-11-20 01:03:31'),
(82, 1, 'red', 2, 555, 0, '0000-00-00 00:00:00', '2016-11-20 01:03:31'),
(83, 1, 'red', 2, 555, 0, '0000-00-00 00:00:00', '2016-11-20 01:03:31'),
(84, 1, 'red', 2, 555, 0, '0000-00-00 00:00:00', '2016-11-20 01:03:31'),
(85, 1, 'red', 2, 555, 0, '0000-00-00 00:00:00', '2016-11-20 01:03:32'),
(86, 1, 'red', 2, 555, 0, '0000-00-00 00:00:00', '2016-11-20 01:03:32'),
(87, 1, 'red', 2, 555, 0, '0000-00-00 00:00:00', '2016-11-20 01:03:32'),
(88, 1, 'red', 2, 555, 0, '0000-00-00 00:00:00', '2016-11-20 01:03:32'),
(89, 1, 'red', 2, 555, 0, '0000-00-00 00:00:00', '2016-11-20 01:03:32'),
(90, 1, 'red', 2, 555, 0, '0000-00-00 00:00:00', '2016-11-20 01:03:33'),
(91, 1, 'red', 2, 555, 0, '0000-00-00 00:00:00', '2016-11-20 01:03:33'),
(92, 1, 'red', 2, 555, 0, '0000-00-00 00:00:00', '2016-11-20 01:03:33'),
(93, 1, 'red', 2, 555, 0, '0000-00-00 00:00:00', '2016-11-20 01:03:33'),
(94, 1, 'red', 2, 555, 0, '0000-00-00 00:00:00', '2016-11-20 01:03:34'),
(95, 1, 'red', 2, 555, 0, '0000-00-00 00:00:00', '2016-11-20 01:03:34'),
(96, 1, 'red', 2, 555, 0, '0000-00-00 00:00:00', '2016-11-20 01:03:34'),
(97, 1, 'red', 2, 555, 0, '0000-00-00 00:00:00', '2016-11-20 01:03:34'),
(98, 1, 'red', 2, 555, 0, '0000-00-00 00:00:00', '2016-11-20 01:03:34'),
(99, 1, 'red', 2, 555, 0, '0000-00-00 00:00:00', '2016-11-20 01:03:35'),
(100, 1, 'red', 2, 555, 0, '0000-00-00 00:00:00', '2016-11-20 01:03:35'),
(101, 1, 'red', 2, 555, 0, '0000-00-00 00:00:00', '2016-11-20 01:03:35'),
(102, 1, 'red', 2, 555, 0, '0000-00-00 00:00:00', '2016-11-20 01:03:35'),
(103, 1, 'red', 2, 555, 0, '0000-00-00 00:00:00', '2016-11-20 01:04:36'),
(104, 1, 'red', 2, 555, 0, '0000-00-00 00:00:00', '2016-11-20 01:04:56'),
(105, 1, 'red', 2, 555, 0, '0000-00-00 00:00:00', '2016-11-20 01:04:56'),
(106, 1, 'red', 2, 555, 0, '0000-00-00 00:00:00', '2016-11-20 01:04:57'),
(107, 1, 'red', 2, 555, 0, '0000-00-00 00:00:00', '2016-11-20 01:04:57'),
(108, 1, 'red', 2, 555, 0, '0000-00-00 00:00:00', '2016-11-20 01:04:57'),
(109, 1, 'red', 2, 555, 0, '0000-00-00 00:00:00', '2016-11-20 01:04:57'),
(110, 1, 'red', 2, 555, 0, '0000-00-00 00:00:00', '2016-11-20 01:06:33'),
(111, 1, 'red', 2, 555, 0, '0000-00-00 00:00:00', '2016-11-20 01:07:42'),
(112, 1, 'red', 2, 555, 0, '0000-00-00 00:00:00', '2016-11-20 01:07:44'),
(113, 1, 'red', 2, 555, 0, '0000-00-00 00:00:00', '2016-11-20 01:07:44'),
(114, 1, 'red', 2, 555, 0, '0000-00-00 00:00:00', '2016-11-20 01:07:44'),
(115, 1, 'red', 2, 555, 0, '0000-00-00 00:00:00', '2016-11-20 01:07:45'),
(116, 1, 'red', 2, 555, 0, '0000-00-00 00:00:00', '2016-11-20 01:07:45'),
(117, 1, 'red', 2, 555, 0, '0000-00-00 00:00:00', '2016-11-20 01:07:45'),
(118, 1, 'red', 2, 555, 0, '0000-00-00 00:00:00', '2016-11-20 01:07:45'),
(119, 1, 'red', 2, 555, 0, '0000-00-00 00:00:00', '2016-11-20 01:07:45'),
(120, 1, 'red', 2, 555, 0, '0000-00-00 00:00:00', '2016-11-20 01:07:45'),
(121, 1, 'red', 2, 555, 0, '0000-00-00 00:00:00', '2016-11-20 01:07:45'),
(122, 1, 'red', 2, 555, 0, '0000-00-00 00:00:00', '2016-11-20 01:07:45'),
(123, 1, 'red', 2, 555, 0, '0000-00-00 00:00:00', '2016-11-20 01:07:46'),
(124, 1, 'red', 2, 555, 0, '0000-00-00 00:00:00', '2016-11-20 01:07:46'),
(125, 1, 'red', 2, 555, 0, '0000-00-00 00:00:00', '2016-11-20 01:07:46'),
(126, 1, 'red', 2, 555, 0, '0000-00-00 00:00:00', '2016-11-20 01:07:54'),
(127, 1, 'red', 2, 555, 0, '0000-00-00 00:00:00', '2016-11-20 01:07:54'),
(128, 1, 'red', 2, 555, 0, '0000-00-00 00:00:00', '2016-11-20 01:07:54'),
(129, 1, 'red', 2, 555, 0, '0000-00-00 00:00:00', '2016-11-20 01:07:55'),
(130, 1, 'red', 2, 555, 0, '0000-00-00 00:00:00', '2016-11-20 01:07:55'),
(131, 1, 'red', 2, 555, 0, '0000-00-00 00:00:00', '2016-11-20 01:07:55'),
(132, 1, 'red', 2, 555, 0, '0000-00-00 00:00:00', '2016-11-20 01:07:55'),
(133, 1, 'red', 2, 555, 0, '0000-00-00 00:00:00', '2016-11-20 01:07:55'),
(134, 1, 'red', 2, 555, 0, '0000-00-00 00:00:00', '2016-11-20 01:07:55'),
(135, 1, 'red', 2, 555, 0, '0000-00-00 00:00:00', '2016-11-20 01:07:55'),
(136, 1, 'red', 2, 555, 0, '0000-00-00 00:00:00', '2016-11-20 01:07:56'),
(137, 1, 'red', 2, 555, 0, '0000-00-00 00:00:00', '2016-11-20 01:07:56'),
(138, 1, 'red', 2, 555, 0, '0000-00-00 00:00:00', '2016-11-20 01:07:56'),
(139, 1, 'red', 2, 555, 0, '0000-00-00 00:00:00', '2016-11-20 01:09:48'),
(140, 1, 'red', 2, 555, 0, '0000-00-00 00:00:00', '2016-11-20 01:09:50'),
(141, 1, 'red', 2, 555, 0, '0000-00-00 00:00:00', '2016-11-20 01:09:50'),
(142, 1, 'red', 2, 555, 0, '0000-00-00 00:00:00', '2016-11-20 01:09:50'),
(143, 1, 'red', 2, 555, 0, '0000-00-00 00:00:00', '2016-11-20 01:09:50'),
(144, 1, 'red', 2, 555, 0, '0000-00-00 00:00:00', '2016-11-20 01:09:50'),
(145, 1, 'red', 2, 555, 0, '0000-00-00 00:00:00', '2016-11-20 01:09:50'),
(146, 1, 'red', 2, 555, 0, '0000-00-00 00:00:00', '2016-11-20 01:09:50'),
(147, 1, 'red', 2, 555, 0, '0000-00-00 00:00:00', '2016-11-20 01:09:50'),
(148, 1, 'red', 2, 555, 0, '0000-00-00 00:00:00', '2016-11-20 01:09:50'),
(149, 1, 'red', 2, 555, 0, '0000-00-00 00:00:00', '2016-11-20 01:09:51'),
(150, 1, 'red', 2, 555, 0, '0000-00-00 00:00:00', '2016-11-20 01:09:51'),
(151, 1, 'red', 2, 555, 0, '0000-00-00 00:00:00', '2016-11-20 01:09:51'),
(152, 1, 'red', 2, 555, 0, '0000-00-00 00:00:00', '2016-11-20 01:09:51'),
(153, 1, 'red', 2, 555, 0, '0000-00-00 00:00:00', '2016-11-20 01:11:42'),
(154, 1, 'red', 2, 555, 0, '0000-00-00 00:00:00', '2016-11-20 01:11:43'),
(155, 1, 'red', 2, 555, 0, '0000-00-00 00:00:00', '2016-11-20 01:11:44'),
(156, 1, 'red', 2, 555, 0, '0000-00-00 00:00:00', '2016-11-20 01:11:44'),
(157, 1, 'red', 2, 555, 0, '0000-00-00 00:00:00', '2016-11-20 01:11:44'),
(158, 1, 'red', 2, 555, 0, '0000-00-00 00:00:00', '2016-11-20 01:11:44'),
(159, 1, 'red', 2, 555, 0, '0000-00-00 00:00:00', '2016-11-20 01:11:44'),
(160, 1, 'red', 2, 555, 0, '0000-00-00 00:00:00', '2016-11-20 01:11:45'),
(161, 1, 'red', 2, 555, 0, '0000-00-00 00:00:00', '2016-11-20 01:11:45'),
(162, 1, 'red', 2, 555, 0, '0000-00-00 00:00:00', '2016-11-20 01:11:45'),
(163, 1, 'red', 2, 555, 0, '0000-00-00 00:00:00', '2016-11-20 01:11:45'),
(164, 1, 'red', 2, 555, 0, '0000-00-00 00:00:00', '2016-11-20 01:11:45'),
(165, 1, 'red', 2, 555, 0, '0000-00-00 00:00:00', '2016-11-20 01:11:45'),
(166, 1, 'red', 2, 555, 0, '0000-00-00 00:00:00', '2016-11-20 01:11:46'),
(167, 1, 'red', 2, 555, 0, '0000-00-00 00:00:00', '2016-11-20 01:11:46'),
(168, 1, 'red', 2, 555, 0, '0000-00-00 00:00:00', '2016-11-20 01:11:46'),
(169, 1, 'red', 2, 555, 0, '0000-00-00 00:00:00', '2016-11-20 01:13:34'),
(170, 1, 'red', 2, 555, 0, '0000-00-00 00:00:00', '2016-11-20 01:13:55'),
(171, 1, 'red', 2, 555, 0, '0000-00-00 00:00:00', '2016-11-20 01:13:56'),
(172, 1, 'red', 2, 555, 0, '0000-00-00 00:00:00', '2016-11-20 01:13:56'),
(173, 1, 'red', 2, 555, 0, '0000-00-00 00:00:00', '2016-11-20 01:13:56'),
(174, 1, 'red', 2, 555, 0, '0000-00-00 00:00:00', '2016-11-20 01:13:56'),
(175, 1, 'red', 2, 555, 0, '0000-00-00 00:00:00', '2016-11-20 01:13:56'),
(176, 1, 'red', 2, 555, 0, '0000-00-00 00:00:00', '2016-11-20 01:13:56'),
(177, 1, 'red', 2, 555, 0, '0000-00-00 00:00:00', '2016-11-20 01:13:56'),
(178, 1, 'red', 2, 555, 0, '0000-00-00 00:00:00', '2016-11-20 01:13:57'),
(179, 1, 'red', 2, 555, 0, '0000-00-00 00:00:00', '2016-11-20 01:13:57'),
(180, 1, 'red', 2, 555, 0, '0000-00-00 00:00:00', '2016-11-20 01:13:57'),
(181, 1, 'red', 2, 555, 0, '0000-00-00 00:00:00', '2016-11-20 01:15:31'),
(182, 1, 'red', 2, 555, 0, '0000-00-00 00:00:00', '2016-11-20 01:15:34'),
(183, 1, 'red', 2, 555, 0, '0000-00-00 00:00:00', '2016-11-20 01:15:34'),
(184, 1, 'red', 2, 555, 0, '0000-00-00 00:00:00', '2016-11-20 01:15:34'),
(185, 1, 'red', 2, 555, 0, '0000-00-00 00:00:00', '2016-11-20 01:15:35'),
(186, 1, 'red', 2, 555, 0, '0000-00-00 00:00:00', '2016-11-20 01:15:35'),
(187, 1, 'red', 2, 555, 0, '0000-00-00 00:00:00', '2016-11-20 01:15:35'),
(188, 1, 'red', 2, 555, 0, '0000-00-00 00:00:00', '2016-11-20 01:15:35'),
(189, 1, 'red', 2, 555, 0, '0000-00-00 00:00:00', '2016-11-20 01:15:35'),
(190, 1, 'red', 2, 555, 0, '0000-00-00 00:00:00', '2016-11-20 01:15:35'),
(191, 1, 'red', 2, 555, 0, '0000-00-00 00:00:00', '2016-11-20 01:15:36'),
(192, 1, 'red', 2, 555, 0, '0000-00-00 00:00:00', '2016-11-20 01:15:36'),
(193, 1, 'red', 2, 555, 0, '0000-00-00 00:00:00', '2016-11-20 01:15:36'),
(194, 1, 'red', 2, 555, 0, '0000-00-00 00:00:00', '2016-11-20 01:15:36'),
(195, 1, 'red', 2, 555, 0, '0000-00-00 00:00:00', '2016-11-20 01:15:36'),
(196, 1, 'red', 2, 555, 0, '0000-00-00 00:00:00', '2016-11-20 01:15:36'),
(197, 1, 'red', 2, 555, 0, '0000-00-00 00:00:00', '2016-11-20 01:15:37'),
(198, 1, 'red', 2, 555, 0, '0000-00-00 00:00:00', '2016-11-20 01:15:37'),
(199, 1, 'red', 2, 555, 0, '0000-00-00 00:00:00', '2016-11-20 01:15:37'),
(200, 1, 'red', 2, 555, 0, '0000-00-00 00:00:00', '2016-11-20 01:32:34'),
(201, 1, 'red', 2, 555, 0, '0000-00-00 00:00:00', '2016-11-20 01:33:00'),
(202, 1, 'red', 2, 555, 0, '0000-00-00 00:00:00', '2016-11-20 01:33:00'),
(203, 1, 'red', 2, 555, 0, '0000-00-00 00:00:00', '2016-11-20 01:33:00'),
(204, 1, 'red', 2, 555, 0, '0000-00-00 00:00:00', '2016-11-20 01:33:01'),
(205, 1, 'red', 2, 555, 0, '0000-00-00 00:00:00', '2016-11-20 01:33:01'),
(206, 1, 'red', 2, 555, 0, '0000-00-00 00:00:00', '2016-11-20 01:33:01'),
(207, 1, 'red', 2, 555, 0, '0000-00-00 00:00:00', '2016-11-20 01:33:01'),
(208, 1, 'red', 2, 555, 0, '0000-00-00 00:00:00', '2016-11-20 01:33:01'),
(209, 1, 'red', 2, 555, 0, '0000-00-00 00:00:00', '2016-11-20 01:33:01'),
(210, 1, 'red', 2, 555, 0, '0000-00-00 00:00:00', '2016-11-20 01:33:01'),
(211, 1, 'red', 2, 555, 0, '0000-00-00 00:00:00', '2016-11-20 01:33:01'),
(212, 1, 'red', 2, 555, 0, '0000-00-00 00:00:00', '2016-11-20 01:33:02'),
(213, 1, 'red', 2, 555, 0, '0000-00-00 00:00:00', '2016-11-20 01:33:02'),
(214, 1, 'red', 2, 555, 0, '0000-00-00 00:00:00', '2016-11-20 01:33:02'),
(215, 1, 'red', 2, 555, 0, '0000-00-00 00:00:00', '2016-11-20 01:33:02'),
(216, 1, 'red', 2, 555, 0, '0000-00-00 00:00:00', '2016-11-20 01:33:03'),
(217, 1, 'red', 2, 555, 0, '0000-00-00 00:00:00', '2016-11-20 01:33:03'),
(218, 1, 'red', 2, 555, 0, '0000-00-00 00:00:00', '2016-11-20 01:33:03'),
(219, 1, 'red', 2, 555, 0, '0000-00-00 00:00:00', '2016-11-20 01:33:03'),
(220, 1, 'red', 2, 555, 0, '0000-00-00 00:00:00', '2016-11-20 01:33:03'),
(221, 1, 'red', 2, 555, 0, '0000-00-00 00:00:00', '2016-11-20 01:33:03'),
(222, 1, 'red', 2, 555, 0, '0000-00-00 00:00:00', '2016-11-20 01:33:04'),
(223, 1, 'red', 2, 555, 0, '0000-00-00 00:00:00', '2016-11-20 01:33:04'),
(224, 1, 'red', 2, 555, 0, '0000-00-00 00:00:00', '2016-11-20 01:33:04'),
(225, 1, 'red', 2, 555, 0, '0000-00-00 00:00:00', '2016-11-20 01:33:04'),
(226, 1, 'red', 2, 555, 0, '0000-00-00 00:00:00', '2016-11-20 01:33:04'),
(227, 1, 'red', 2, 555, 0, '0000-00-00 00:00:00', '2016-11-20 01:33:04'),
(228, 1, 'red', 2, 555, 0, '0000-00-00 00:00:00', '2016-11-20 01:33:05'),
(229, 1, 'red', 2, 555, 0, '0000-00-00 00:00:00', '2016-11-20 01:33:05'),
(230, 1, 'red', 2, 555, 0, '0000-00-00 00:00:00', '2016-11-20 01:33:05'),
(231, 1, 'red', 2, 555, 0, '0000-00-00 00:00:00', '2016-11-20 01:33:05'),
(232, 1, 'red', 2, 555, 0, '0000-00-00 00:00:00', '2016-11-20 01:33:05'),
(233, 1, 'red', 2, 555, 0, '0000-00-00 00:00:00', '2016-11-20 01:33:07'),
(234, 1, 'red', 2, 555, 0, '0000-00-00 00:00:00', '2016-11-20 01:33:07'),
(235, 1, 'red', 2, 555, 0, '0000-00-00 00:00:00', '2016-11-20 01:33:07'),
(236, 1, 'red', 2, 555, 0, '0000-00-00 00:00:00', '2016-11-20 01:33:07'),
(237, 1, 'red', 2, 555, 0, '0000-00-00 00:00:00', '2016-11-20 01:33:07'),
(238, 1, 'red', 2, 555, 0, '0000-00-00 00:00:00', '2016-11-20 01:33:07'),
(239, 1, 'red', 2, 555, 0, '0000-00-00 00:00:00', '2016-11-20 01:33:08'),
(240, 1, 'red', 2, 555, 0, '0000-00-00 00:00:00', '2016-11-20 01:33:08'),
(241, 1, 'red', 2, 555, 0, '0000-00-00 00:00:00', '2016-11-20 01:33:08'),
(242, 1, 'red', 2, 555, 0, '0000-00-00 00:00:00', '2016-11-20 01:33:08'),
(243, 1, 'red', 2, 555, 0, '0000-00-00 00:00:00', '2016-11-20 01:33:08'),
(244, 1, 'red', 2, 555, 0, '0000-00-00 00:00:00', '2016-11-20 01:33:09'),
(245, 1, 'red', 2, 555, 0, '0000-00-00 00:00:00', '2016-11-20 01:33:09'),
(246, 1, 'red', 2, 555, 0, '0000-00-00 00:00:00', '2016-11-20 01:33:09'),
(247, 1, 'red', 2, 555, 0, '0000-00-00 00:00:00', '2016-11-20 01:33:09'),
(248, 1, 'red', 2, 555, 0, '0000-00-00 00:00:00', '2016-11-20 01:33:09'),
(249, 1, 'red', 2, 555, 0, '0000-00-00 00:00:00', '2016-11-20 01:33:09'),
(250, 1, 'red', 2, 555, 0, '0000-00-00 00:00:00', '2016-11-20 01:33:09'),
(251, 1, 'red', 2, 555, 0, '0000-00-00 00:00:00', '2016-11-20 01:33:10'),
(252, 1, 'red', 2, 555, 0, '0000-00-00 00:00:00', '2016-11-20 01:33:10'),
(253, 1, 'red', 2, 555, 0, '0000-00-00 00:00:00', '2016-11-20 01:33:10'),
(254, 1, 'red', 2, 555, 0, '0000-00-00 00:00:00', '2016-11-20 01:33:10'),
(255, 1, 'red', 2, 555, 0, '0000-00-00 00:00:00', '2016-11-20 01:33:10'),
(256, 1, 'red', 2, 555, 0, '0000-00-00 00:00:00', '2016-11-20 01:33:10'),
(257, 1, 'red', 2, 555, 0, '0000-00-00 00:00:00', '2016-11-20 01:33:10'),
(258, 1, 'red', 2, 555, 0, '0000-00-00 00:00:00', '2016-11-20 02:59:13'),
(259, 1, 'red', 51, 555, 7, '0000-00-00 00:00:00', '2016-11-20 04:51:27'),
(260, 1, 'red', 25, 555, 4, '0000-00-00 00:00:00', '2016-11-20 04:57:16'),
(261, 1, 'red', 65, 555, 9, '0000-00-00 00:00:00', '2016-11-20 05:00:51'),
(262, 1, 'red', 46, 555, 7, '0000-00-00 00:00:00', '2016-11-20 05:01:10'),
(263, 1, 'green', 4555, 555, 657, '0000-00-00 00:00:00', '2016-11-20 05:01:37'),
(264, 1, 'red', 43, 555, 6, '0000-00-00 00:00:00', '2016-11-20 05:24:24'),
(265, 1, 'red', 35, 555, 5, '0000-00-00 00:00:00', '2016-11-20 05:26:16'),
(266, 1, 'red', 24, 555, 3, '0000-00-00 00:00:00', '2016-11-20 05:26:30'),
(267, 1, 'red', 34, 555, 5, '0000-00-00 00:00:00', '2016-11-20 05:27:39'),
(268, 1, 'red', 25, 555, 4, '0000-00-00 00:00:00', '2016-11-20 05:30:49'),
(269, 1, 'red', 54, 555, 8, '0000-00-00 00:00:00', '2016-11-20 05:40:47'),
(270, 1, 'red', 54, 555, 8, '0000-00-00 00:00:00', '2016-11-20 05:40:59'),
(271, 1, 'red', 54, 555, 8, '0000-00-00 00:00:00', '2016-11-20 05:40:59'),
(272, 1, 'red', 54, 555, 8, '0000-00-00 00:00:00', '2016-11-20 05:40:59'),
(273, 1, 'red', 54, 555, 8, '0000-00-00 00:00:00', '2016-11-20 05:41:00'),
(274, 1, 'red', 54, 555, 8, '0000-00-00 00:00:00', '2016-11-20 05:41:00'),
(275, 1, 'red', 54, 555, 8, '0000-00-00 00:00:00', '2016-11-20 05:41:00'),
(276, 1, 'red', 54, 555, 8, '0000-00-00 00:00:00', '2016-11-20 05:41:00'),
(277, 1, 'red', 54, 555, 8, '0000-00-00 00:00:00', '2016-11-20 05:41:00'),
(278, 1, 'red', 54, 555, 8, '0000-00-00 00:00:00', '2016-11-20 05:53:45'),
(279, 1, 'red', 35, 555, 5, '0000-00-00 00:00:00', '2016-11-20 06:18:39'),
(280, 1, 'red', 46, 555, 7, '0000-00-00 00:00:00', '2016-11-20 06:50:54');

-- --------------------------------------------------------

--
-- Структура таблицы `exam_standart`
--

CREATE TABLE IF NOT EXISTS `exam_standart` (
  `id` int(11) NOT NULL,
  `growth` int(11) NOT NULL,
  `sex` int(11) NOT NULL,
  `5` int(11) NOT NULL,
  `8` int(11) NOT NULL,
  `11` int(11) NOT NULL,
  `15` int(11) NOT NULL,
  `20` int(11) NOT NULL,
  `25` int(11) NOT NULL,
  `30` int(11) NOT NULL,
  `35` int(11) NOT NULL,
  `40` int(11) NOT NULL,
  `45` int(11) NOT NULL,
  `50` int(11) NOT NULL,
  `55` int(11) NOT NULL,
  `60` int(11) NOT NULL,
  `65` int(11) NOT NULL,
  `70` int(11) NOT NULL,
  `75` int(11) NOT NULL,
  `80` int(11) NOT NULL,
  `85` int(11) NOT NULL,
  `updated` timestamp NOT NULL DEFAULT CURRENT_TIMESTAMP ON UPDATE CURRENT_TIMESTAMP
) ENGINE=MyISAM AUTO_INCREMENT=39 DEFAULT CHARSET=cp1251;

--
-- Дамп данных таблицы `exam_standart`
--

INSERT INTO `exam_standart` (`id`, `growth`, `sex`, `5`, `8`, `11`, `15`, `20`, `25`, `30`, `35`, `40`, `45`, `50`, `55`, `60`, `65`, `70`, `75`, `80`, `85`, `updated`) VALUES
(1, 100, 2, 39, 39, 39, 0, 0, 0, 0, 0, 0, 0, 0, 0, 0, 0, 0, 0, 0, 0, '2016-11-18 22:10:31'),
(2, 105, 2, 65, 65, 65, 0, 0, 0, 0, 0, 0, 0, 0, 0, 0, 0, 0, 0, 0, 0, '2016-11-18 22:12:05'),
(3, 110, 2, 92, 92, 92, 0, 0, 0, 0, 0, 0, 0, 0, 0, 0, 0, 0, 0, 0, 0, '2016-11-18 22:12:34'),
(4, 115, 2, 118, 118, 118, 0, 0, 0, 0, 0, 0, 0, 0, 0, 0, 0, 0, 0, 0, 0, '2016-11-18 22:13:01'),
(5, 120, 2, 145, 145, 145, 0, 0, 0, 0, 0, 0, 0, 0, 0, 0, 0, 0, 0, 0, 0, '2016-11-18 22:14:38'),
(6, 125, 2, 171, 171, 171, 0, 0, 0, 0, 0, 0, 0, 0, 0, 0, 0, 0, 0, 0, 0, '2016-11-18 22:16:10'),
(7, 130, 2, 197, 197, 197, 0, 0, 0, 0, 0, 0, 0, 0, 0, 0, 0, 0, 0, 0, 0, '2016-11-18 22:16:40'),
(8, 135, 2, 224, 224, 224, 0, 0, 0, 0, 0, 0, 0, 0, 0, 0, 0, 0, 0, 0, 0, '2016-11-18 22:18:13'),
(9, 140, 2, 250, 250, 250, 348, 369, 380, 384, 383, 379, 371, 362, 352, 340, 328, 315, 302, 289, 276, '2016-11-18 22:19:22'),
(10, 145, 2, 276, 276, 276, 355, 376, 378, 391, 390, 385, 378, 369, 358, 347, 334, 321, 308, 294, 281, '2016-11-18 22:34:30'),
(11, 150, 2, 303, 303, 303, 360, 382, 393, 397, 396, 391, 384, 375, 364, 352, 340, 327, 313, 300, 286, '2016-11-18 22:35:47'),
(12, 155, 2, 329, 329, 329, 366, 386, 399, 403, 402, 397, 390, 381, 370, 358, 345, 232, 318, 304, 290, '2016-11-18 22:37:09'),
(13, 160, 2, 356, 356, 356, 371, 393, 405, 409, 408, 403, 396, 386, 375, 363, 350, 337, 323, 309, 295, '2016-11-18 22:38:49'),
(14, 165, 2, 382, 382, 382, 376, 398, 410, 414, 413, 408, 401, 391, 380, 338, 355, 341, 327, 313, 299, '2016-11-18 22:41:23'),
(15, 170, 2, 408, 408, 408, 381, 403, 415, 419, 418, 413, 406, 396, 365, 372, 359, 346, 331, 317, 303, '2016-11-18 22:42:27'),
(16, 175, 2, 435, 435, 435, 385, 408, 420, 424, 423, 418, 411, 401, 399, 377, 364, 350, 335, 321, 307, '2016-11-18 22:58:37'),
(17, 180, 2, 0, 0, 0, 390, 413, 425, 429, 428, 423, 415, 405, 394, 381, 368, 354, 339, 325, 310, '2016-11-18 23:00:41'),
(18, 185, 2, 0, 0, 0, 394, 417, 429, 433, 432, 427, 419, 409, 398, 385, 372, 358, 343, 328, 314, '2016-11-18 23:01:50'),
(19, 190, 2, 0, 0, 0, 398, 421, 433, 438, 436, 432, 424, 414, 402, 339, 375, 361, 347, 332, 317, '2016-11-18 23:05:57'),
(20, 100, 1, 24, 24, 24, 0, 0, 0, 0, 0, 0, 0, 0, 0, 0, 0, 0, 0, 0, 0, '2016-11-18 23:08:11'),
(21, 105, 1, 51, 51, 51, 0, 0, 0, 0, 0, 0, 0, 0, 0, 0, 0, 0, 0, 0, 0, '2016-11-18 23:08:23'),
(22, 110, 1, 77, 77, 77, 0, 0, 0, 0, 0, 0, 0, 0, 0, 0, 0, 0, 0, 0, 0, '2016-11-18 23:08:39'),
(23, 115, 1, 104, 104, 104, 0, 0, 0, 0, 0, 0, 0, 0, 0, 0, 0, 0, 0, 0, 0, '2016-11-18 23:08:57'),
(24, 120, 1, 130, 130, 130, 0, 0, 0, 0, 0, 0, 0, 0, 0, 0, 0, 0, 0, 0, 0, '2016-11-18 23:09:27'),
(25, 125, 1, 155, 155, 155, 0, 0, 0, 0, 0, 0, 0, 0, 0, 0, 0, 0, 0, 0, 0, '2016-11-18 23:09:50'),
(26, 130, 1, 163, 163, 163, 0, 0, 0, 0, 0, 0, 0, 0, 0, 0, 0, 0, 0, 0, 0, '2016-11-18 23:10:32'),
(27, 135, 1, 209, 209, 209, 0, 0, 0, 0, 0, 0, 0, 0, 0, 0, 0, 0, 0, 0, 0, '2016-11-18 23:10:55'),
(28, 140, 1, 236, 236, 236, 414, 458, 481, 494, 499, 497, 491, 480, 487, 482, 436, 416, 400, 381, 362, '2016-11-18 23:18:22'),
(29, 145, 1, 262, 262, 262, 426, 468, 491, 504, 508, 506, 501, 491, 477, 402, 445, 423, 436, 387, 376, '2016-11-18 23:27:33'),
(30, 150, 1, 289, 289, 289, 432, 475, 501, 514, 520, 515, 511, 500, 487, 473, 454, 436, 417, 397, 376, '2016-11-19 00:06:33'),
(31, 155, 1, 316, 316, 316, 440, 484, 512, 524, 529, 527, 520, 530, 496, 480, 463, 444, 426, 401, 424, '2016-11-19 00:08:10'),
(32, 160, 1, 342, 342, 342, 448, 432, 519, 533, 556, 586, 530, 518, 605, 489, 471, 452, 432, 442, 412, '2016-11-19 00:09:59'),
(33, 165, 1, 368, 368, 368, 458, 500, 527, 542, 547, 545, 538, 527, 512, 487, 479, 480, 412, 412, 390, '2016-11-19 00:12:52'),
(34, 170, 1, 394, 394, 394, 403, 503, 535, 550, 555, 564, 546, 532, 521, 504, 486, 487, 447, 426, 495, '2016-11-19 00:17:12'),
(35, 175, 1, 421, 421, 421, 469, 315, 543, 558, 563, 567, 554, 543, 528, 512, 493, 474, 463, 432, 413, '2016-11-19 00:18:36'),
(36, 180, 1, 0, 0, 0, 475, 522, 551, 568, 571, 569, 562, 550, 536, 519, 500, 460, 458, 438, 417, '2016-11-19 00:20:19'),
(37, 185, 1, 0, 0, 0, 462, 529, 558, 578, 578, 576, 569, 557, 548, 525, 506, 488, 465, 404, 422, '2016-11-19 00:21:53'),
(38, 190, 1, 0, 0, 0, 488, 536, 564, 580, 585, 583, 576, 584, 543, 536, 538, 432, 471, 450, 425, '2016-11-19 00:23:03');

-- --------------------------------------------------------

--
-- Структура таблицы `patient`
--

CREATE TABLE IF NOT EXISTS `patient` (
  `id` int(11) NOT NULL,
  `fname` text NOT NULL,
  `name` text NOT NULL,
  `sname` text NOT NULL,
  `sex` int(11) NOT NULL,
  `b_date` date NOT NULL,
  `growth` int(11) NOT NULL,
  `login` text NOT NULL,
  `pass` text NOT NULL,
  `address` text NOT NULL,
  `phone` text NOT NULL,
  `active` int(11) NOT NULL,
  `updated` timestamp NOT NULL DEFAULT CURRENT_TIMESTAMP ON UPDATE CURRENT_TIMESTAMP
) ENGINE=MyISAM AUTO_INCREMENT=54 DEFAULT CHARSET=utf8;

--
-- Дамп данных таблицы `patient`
--

INSERT INTO `patient` (`id`, `fname`, `name`, `sname`, `sex`, `b_date`, `growth`, `login`, `pass`, `address`, `phone`, `active`, `updated`) VALUES
(1, '1asdASD', 'sdASD2', '3', 1, '1981-11-16', 170, '52', '62', 'ASDasd', 'ВАПЫВАПИВЫП', 0, '2016-11-20 02:47:53'),
(2, 'Петров', 'Сидор', 'Сидорович', 1, '1916-11-01', 198, '123', '123', 'Москва', '123-12-32', 0, '2016-11-20 04:36:47'),
(47, 'Иванов', 'Иван', 'Иванович', 1, '1980-01-03', 169, 'log', 'pas', 'Санкт-Петербург, ул Маяковского, д. 31', '+79111234567', 0, '2016-11-20 03:45:20'),
(52, '8778', '545', '5435', 1, '2016-11-11', 54, '', '', '5435', '543534', 0, '2016-11-20 06:04:30'),
(53, '877артенрке8', '545', '5435', 1, '2016-11-11', 54, '', '', '5435', '543534', 0, '2016-11-20 06:06:10');

-- --------------------------------------------------------

--
-- Структура таблицы `users`
--

CREATE TABLE IF NOT EXISTS `users` (
  `id` int(11) NOT NULL,
  `user_name` text NOT NULL,
  `login` varchar(20) NOT NULL,
  `password` varchar(35) NOT NULL,
  `user_rights` int(11) NOT NULL,
  `updated` timestamp NOT NULL DEFAULT CURRENT_TIMESTAMP ON UPDATE CURRENT_TIMESTAMP
) ENGINE=MyISAM AUTO_INCREMENT=3 DEFAULT CHARSET=utf8;

--
-- Дамп данных таблицы `users`
--

INSERT INTO `users` (`id`, `user_name`, `login`, `password`, `user_rights`, `updated`) VALUES
(1, 'АДМИНИСТРАТОР', 'a', 's', 1, '2016-11-19 21:15:02'),
(2, 'Доктор Ватсон', 'q', 'w', 1, '2016-11-19 23:46:29');

--
-- Индексы сохранённых таблиц
--

--
-- Индексы таблицы `examination`
--
ALTER TABLE `examination`
  ADD PRIMARY KEY (`id`);

--
-- Индексы таблицы `exam_standart`
--
ALTER TABLE `exam_standart`
  ADD PRIMARY KEY (`id`);

--
-- Индексы таблицы `patient`
--
ALTER TABLE `patient`
  ADD PRIMARY KEY (`id`);

--
-- Индексы таблицы `users`
--
ALTER TABLE `users`
  ADD PRIMARY KEY (`id`);

--
-- AUTO_INCREMENT для сохранённых таблиц
--

--
-- AUTO_INCREMENT для таблицы `examination`
--
ALTER TABLE `examination`
  MODIFY `id` int(11) NOT NULL AUTO_INCREMENT,AUTO_INCREMENT=281;
--
-- AUTO_INCREMENT для таблицы `exam_standart`
--
ALTER TABLE `exam_standart`
  MODIFY `id` int(11) NOT NULL AUTO_INCREMENT,AUTO_INCREMENT=39;
--
-- AUTO_INCREMENT для таблицы `patient`
--
ALTER TABLE `patient`
  MODIFY `id` int(11) NOT NULL AUTO_INCREMENT,AUTO_INCREMENT=54;
--
-- AUTO_INCREMENT для таблицы `users`
--
ALTER TABLE `users`
  MODIFY `id` int(11) NOT NULL AUTO_INCREMENT,AUTO_INCREMENT=3;
/*!40101 SET CHARACTER_SET_CLIENT=@OLD_CHARACTER_SET_CLIENT */;
/*!40101 SET CHARACTER_SET_RESULTS=@OLD_CHARACTER_SET_RESULTS */;
/*!40101 SET COLLATION_CONNECTION=@OLD_COLLATION_CONNECTION */;
